1582, -8264, 1079, 9, 330, 1.500000
2078, -34627, 996, 4, 352, 1.500000
2763, -4156, 944, 4, 375, 1.500000
3118, -6411, 873, 4, 355, 1.500000
3598, -25469, 722, 4, 335, 1.500000
4224, -39207, 960, 4, 334, 1.500000
4580, -30765, 1063, 9, 335, 1.500000
4976, -9175, 1099, 9, 334, 1.500000
5729, -23247, 786, 4, 418, 1.500000
6334, -1106, 790, 4, 334, 1.500000
6710, -19997, 1081, 9, 376, 1.500000
7045, -14792, 767, 4, 335, 1.500000
7651, -19634, 876, 4, 418, 1.500000
8360, -26274, 903, 4, 333, 1.500000
9048, -167, 812, 4, 332, 1.500000
9383, 21588, 1125, 9, 335, 1.500000
9819, -10243, 1047, 9, 332, 1.500000
10216, 28067, 853, 4, 334, 0.500000
10802, -530, 776, 4, 356, 1.500000
11178, -13864, 1144, 9, 355, 1.500000
11742, 23474, 1232, 9, 334, 0.500000
12452, 29007, 784, 4, 334, 1.500000
13183, 8839, 1033, 9, 334, 0.500000
13580, -2945, 884, 4, 356, 1.500000
13914, 19325, 1089, 9, 334, 0.500000
14394, -28861, 908, 4, 354, 1.500000
14833, -11779, 909, 4, 335, 1.500000
1787, -19790, 914, 4, 330, 1.500000
2343, -34248, 1134, 9, 371, 1.500000
2759, -23653, 1412, 9, 333, 1.500000
3321, -25535, 1524, 12, 333, 1.500000
3780, -36247, 1195, 9, 396, 1.500000
4490, -30544, 1296, 9, 355, 1.500000
4865, -23795, 1180, 9, 334, 1.500000
5220, -1099, 820, 4, 334, 1.500000
5700, -32476, 899, 4, 438, 1.500000
6429, -6904, 984, 4, 333, 1.500000
6951, -26233, 858, 4, 417, 1.500000
7639, -27508, 961, 4, 647, 1.500000
8348, -43, 1023, 9, 542, 1.500000
8680, 8629, 849, 4, 332, 0.500000
9532, -27217, 809, 4, 353, 1.500000
9906, -37974, 899, 4, 333, 1.500000
10428, -34842, 1297, 9, 333, 1.500000
10804, 2917, 751, 4, 334, 1.500000
11222, -19797, 878, 4, 334, 1.500000
12015, -33112, 1088, 9, 333, 1.500000
12371, 30395, 884, 4, 335, 0.500000
12892, 4080, 1002, 9, 376, 0.500000
13832, -9835, 1221, 9, 334, 1.500000
14165, -17545, 873, 4, 333, 1.500000
14520, 27357, 926, 4, 334, 0.500000
15083, -15690, 1231, 9, 334, 1.500000
15854, 29798, 1044, 9, 416, 0.500000
16687, 15336, 983, 4, 333, 0.500000
17041, 26110, 808, 4, 333, 0.500000
17520, -2162, 870, 4, 334, 1.500000
17853, -21887, 1292, 9, 333, 1.500000
18311, -7227, 962, 4, 334, 1.500000
18645, -9329, 849, 4, 334, 1.500000
19270, 9080, 923, 4, 417, 0.500000
19750, 509, 932, 4, 334, 0.500000
20377, 19460, 928, 4, 439, 0.500000
20919, 2994, 903, 4, 335, 0.500000
21482, -4150, 865, 4, 355, 1.500000
22066, -799, 1016, 9, 334, 1.500000
22400, 29098, 1292, 9, 334, 0.500000
23297, -14281, 1022, 9, 584, 1.500000
24049, 19193, 1188, 9, 501, 0.500000
24403, -1475, 939, 4, 333, 1.500000
24735, -2087, 1132, 9, 332, 1.500000
25068, -14299, 878, 4, 333, 1.500000
25544, -18030, 941, 4, 476, 1.500000
26044, 12168, 986, 4, 354, 0.500000
26461, -18676, 924, 4, 333, 1.500000
27022, -8577, 911, 4, 332, 1.500000
27419, 20071, 1410, 9, 334, 0.500000
27795, -4255, 776, 4, 334, 1.500000
28128, 29354, 884, 4, 333, 0.500000
28629, -19692, 1125, 9, 334, 1.500000
29256, -6630, 1160, 9, 334, 1.500000
29778, -20066, 1180, 9, 334, 1.500000
30509, 17091, 1009, 9, 501, 0.500000
2033, -14251, 897, 4, 350, 1.500000
2383, -4368, 940, 4, 330, 1.500000
2942, -23702, 855, 4, 333, 1.500000
3380, -6308, 912, 4, 334, 1.500000
3944, -31926, 884, 4, 355, 1.500000
4631, -25129, 1239, 9, 333, 1.500000
5028, -12137, 936, 4, 355, 1.500000
5612, -31998, 949, 4, 334, 1.500000
6279, 34305, 975, 4, 333, 1.500000
6697, 2388, 938, 4, 334, 1.500000
7343, -6761, 866, 4, 375, 1.500000
8260, -8730, 897, 4, 793, 1.500000
8697, -30986, 1099, 9, 395, 1.500000
9155, -24523, 947, 4, 333, 1.500000
9715, 4167, 1016, 9, 333, 0.500000
10173, 25119, 773, 4, 334, 0.500000
10570, 8691, 1014, 9, 334, 0.500000
10924, -14485, 1087, 9, 333, 1.500000
11406, 8083, 1006, 9, 335, 0.500000
11761, 12386, 757, 4, 335, 0.500000
12117, 24275, 1092, 9, 335, 0.500000
12764, -30424, 1044, 9, 354, 1.500000
13454, -17735, 839, 4, 460, 1.500000
14103, -6688, 901, 4, 335, 1.500000
15271, 23914, 1005, 9, 645, 0.500000
16002, -3460, 1039, 9, 543, 1.500000
16417, 5000, 1028, 9, 395, 0.500000
17393, 5806, 1084, 9, 332, 0.500000
17811, -32687, 902, 4, 334, 1.500000
18354, 14764, 840, 4, 440, 0.500000
18875, -916, 1008, 9, 334, 1.500000
19208, -8864, 1023, 9, 333, 1.500000
19543, 33491, 921, 4, 335, 0.500000
20084, 26024, 957, 4, 333, 0.500000
20584, 29767, 869, 4, 334, 0.500000
21022, -8682, 867, 4, 334, 1.500000
21439, -28508, 1302, 9, 333, 1.500000
22170, -6567, 940, 4, 563, 1.500000
22755, -11911, 796, 4, 460, 1.500000
23441, -19919, 991, 4, 478, 1.500000
24463, 8386, 1233, 9, 855, 0.500000
25234, 18132, 1185, 9, 335, 0.500000
26020, -29511, 1075, 9, 331, 1.500000
26624, 10031, 915, 4, 333, 0.500000
27104, -4217, 950, 4, 334, 1.500000
27646, 5635, 861, 4, 356, 0.500000
28083, -31048, 1052, 9, 396, 1.500000
28708, 2292, 782, 4, 438, 0.500000
29499, 12364, 1504, 12, 333, 0.500000
29937, -3746, 818, 4, 334, 1.500000
30479, 33556, 931, 4, 542, 0.500000
31106, 26161, 892, 4, 438, 0.500000
32126, 8703, 1052, 9, 853, 0.500000
32562, -6352, 1150, 9, 332, 1.500000
33269, -18591, 915, 4, 393, 1.500000
33935, -8535, 876, 4, 501, 1.500000
34434, 7424, 798, 4, 458, 0.500000
34788, -17126, 1152, 9, 333, 1.500000
35163, 20349, 839, 4, 333, 0.500000
35560, 4251, 851, 4, 355, 0.500000
36227, -20664, 855, 4, 543, 1.500000
36872, 12879, 951, 4, 333, 0.500000
37374, -24124, 944, 4, 397, 1.500000
37957, -25799, 914, 4, 418, 1.500000
38520, -31447, 854, 4, 459, 1.500000
39185, -11563, 1044, 9, 541, 1.500000
39831, -28117, 1406, 9, 333, 1.500000
40330, 28189, 966, 4, 332, 0.500000
40809, -3025, 870, 4, 334, 1.500000
41142, 20461, 938, 4, 333, 0.500000
41789, -24856, 1176, 9, 335, 1.500000
42373, 17796, 1262, 9, 334, 0.500000
42957, 14218, 1221, 9, 334, 0.500000
43353, 33901, 1145, 9, 333, 0.500000
43853, 14803, 825, 4, 333, 0.500000
44396, -8892, 958, 4, 334, 1.500000
44772, -2605, 1139, 9, 335, 1.500000
45104, 16904, 987, 4, 332, 0.500000
45481, -11264, 892, 4, 356, 1.500000
46106, 32431, 848, 4, 397, 0.500000
46710, 2180, 918, 4, 459, 0.500000
47294, 25835, 885, 4, 417, 0.500000
1930, -21009, 908, 4, 329, 1.500000
2469, -27975, 865, 4, 332, 1.500000
2906, -21767, 795, 4, 333, 1.500000
3407, -15286, 982, 4, 355, 1.500000
4052, -3826, 1080, 9, 334, 1.500000
4511, -27126, 930, 4, 376, 1.500000
4948, 10948, 813, 4, 333, 0.500000
5574, 11797, 876, 4, 333, 0.500000
6011, -19758, 975, 4, 416, 1.500000
6803, 13546, 937, 4, 333, 0.500000
7427, -23820, 943, 4, 416, 1.500000
7802, -21752, 944, 4, 334, 1.500000
8758, -16464, 910, 4, 373, 1.500000
9362, 33182, 1025, 9, 396, 0.500000
9944, 456, 866, 4, 333, 0.500000
10424, 2627, 933, 4, 335, 0.500000
10798, 22659, 1065, 9, 333, 0.500000
11298, -11565, 994, 4, 333, 1.500000
11883, 885, 1003, 9, 334, 0.500000
12947, -10368, 1105, 9, 333, 1.500000
13322, -1426, 1275, 9, 333, 1.500000
13803, -6859, 938, 4, 481, 1.500000
14282, -21043, 946, 4, 417, 1.500000
15845, 19842, 1105, 9, 875, 0.500000
16492, -19740, 1052, 9, 334, 1.500000
16885, -23743, 902, 4, 331, 1.500000
17465, 21314, 824, 4, 333, 0.500000
17904, -10003, 1100, 9, 355, 1.500000
18280, -9690, 1008, 9, 335, 1.500000
19031, -3786, 917, 4, 334, 1.500000
19426, -12526, 1351, 9, 333, 1.500000
20260, 2498, 1209, 9, 334, 0.500000
20865, -21490, 1301, 9, 333, 1.500000
21220, 20232, 1013, 9, 334, 0.500000
21784, -26226, 985, 4, 334, 1.500000
22348, -26410, 1123, 9, 356, 1.500000
23286, 25993, 1048, 9, 584, 0.500000
23701, 12676, 1237, 9, 352, 0.500000
24552, -13968, 1054, 9, 496, 1.500000
25093, -29728, 839, 4, 332, 1.500000
25821, -12575, 924, 4, 333, 1.500000
26175, 11467, 989, 4, 334, 0.500000
26884, 15966, 868, 4, 334, 0.500000
27279, -19331, 966, 4, 333, 1.500000
28008, -61, 866, 4, 334, 1.500000
28364, 5164, 846, 4, 356, 0.500000
28843, -22171, 1228, 9, 333, 1.500000
29176, 14512, 972, 4, 333, 0.500000
29531, -4905, 948, 4, 334, 1.500000
30239, 30835, 861, 4, 395, 0.500000
30966, -6867, 1063, 9, 332, 1.500000
31592, 25497, 1052, 9, 437, 0.500000
32820, 3641, 942, 4, 373, 0.500000
33361, -18494, 1013, 9, 396, 1.500000
33716, 14582, 1223, 9, 334, 0.500000
34196, -599, 1168, 9, 334, 1.500000
34530, -1153, 930, 4, 334, 1.500000
34863, -22383, 1324, 9, 333, 1.500000
35322, 6081, 1259, 9, 333, 0.500000
35990, -29366, 1144, 9, 334, 1.500000
36365, 8560, 973, 4, 334, 0.500000
36824, 15212, 1061, 9, 334, 0.500000
37325, 31051, 976, 4, 335, 0.500000
37928, 28271, 974, 4, 334, 0.500000
38595, -21720, 943, 4, 333, 1.500000
39116, -4340, 1024, 9, 354, 1.500000
39450, 26351, 892, 4, 334, 0.500000
40095, -20970, 1014, 9, 624, 1.500000
40490, -6439, 1228, 9, 332, 1.500000
41196, 18933, 1142, 9, 455, 0.500000
42506, 1613, 860, 4, 374, 0.500000
42881, -19345, 1237, 9, 334, 1.500000
43673, 24230, 905, 4, 334, 0.500000
44090, -15889, 1081, 9, 375, 1.500000
44695, 9438, 931, 4, 334, 0.500000
45716, -17625, 1183, 9, 334, 1.500000
46403, -27842, 1014, 9, 540, 1.500000
47133, -7592, 967, 4, 438, 1.500000
48028, -14741, 987, 4, 769, 1.500000
48505, 22007, 1117, 9, 331, 0.500000
49251, -9949, 811, 4, 330, 1.500000
49667, 11084, 1052, 9, 395, 0.500000
50084, -24329, 994, 4, 333, 1.500000
50439, 1845, 1000, 9, 334, 0.500000
51188, 24226, 776, 4, 333, 0.500000
51896, -7717, 1309, 9, 333, 1.500000
52272, -13764, 892, 4, 376, 1.500000
52793, 11802, 893, 4, 355, 0.500000
53440, 22599, 874, 4, 396, 0.500000
53961, -31979, 991, 4, 334, 1.500000
54378, 13661, 982, 4, 334, 0.500000
55232, -27504, 954, 4, 355, 1.500000
56169, -17441, 1169, 9, 917, 1.500000
56917, -29440, 893, 4, 355, 1.500000
57558, 36180, 900, 4, 579, 0.500000
58244, -3877, 1005, 9, 332, 1.500000
58826, 12936, 881, 4, 331, 0.500000
59202, 14919, 1041, 9, 334, 0.500000
59744, 15372, 1184, 9, 334, 0.500000
60119, 26013, 1059, 9, 333, 0.500000
60495, -2140, 885, 4, 334, 1.500000
60829, -10358, 984, 4, 334, 1.500000
61183, 29209, 825, 4, 333, 0.500000
61767, -287, 816, 4, 333, 1.500000
62101, -34835, 1193, 9, 334, 1.500000
62852, -27013, 889, 4, 397, 1.500000
2010, -10844, 1064, 9, 370, 1.500000
2755, -18831, 883, 4, 332, 1.500000
3171, 28473, 851, 4, 333, 0.500000
3776, 19353, 901, 4, 334, 0.500000
4381, -22624, 1193, 9, 355, 1.500000
4778, -22539, 926, 4, 376, 1.500000
5423, -16631, 1239, 9, 334, 1.500000
6048, -3020, 1291, 9, 333, 1.500000
6423, -20143, 970, 4, 375, 1.500000
7111, -17542, 917, 4, 333, 1.500000
8216, -5921, 935, 4, 1022, 1.500000
8799, -4071, 906, 4, 354, 1.500000
9315, -10550, 703, 4, 330, 1.500000
9877, 26552, 977, 4, 355, 0.500000
10482, 37147, 925, 4, 335, 0.500000
10982, 13410, 841, 4, 333, 0.500000
11378, 28936, 1107, 9, 333, 0.500000
12067, -30980, 916, 4, 334, 1.500000
12610, -1903, 979, 4, 334, 1.500000
13153, -17798, 949, 4, 334, 1.500000
13528, -22064, 1165, 9, 334, 1.500000
13883, 27241, 1418, 9, 334, 0.500000
14343, 26010, 899, 4, 334, 0.500000
14927, -32135, 902, 4, 334, 1.500000
15366, 6444, 964, 4, 397, 0.500000
15991, -22562, 1185, 9, 334, 1.500000
16762, 5318, 903, 4, 354, 0.500000
17201, 7000, 1273, 9, 334, 0.500000
17722, 9547, 1409, 9, 333, 0.500000
18244, -14784, 1075, 9, 334, 1.500000
18786, -467, 1242, 9, 376, 1.500000
19120, -22882, 999, 4, 334, 1.500000
19704, -23692, 1265, 9, 334, 1.500000
20163, -147, 927, 4, 333, 1.500000
20497, 17211, 1011, 9, 334, 0.500000
20998, 12894, 1285, 9, 334, 0.500000
21477, 4205, 899, 4, 333, 0.500000
21832, 13423, 979, 4, 334, 0.500000
22563, 21938, 933, 4, 334, 0.500000
23334, -26970, 1038, 9, 709, 1.500000
24292, 28396, 960, 4, 625, 0.500000
24789, 15894, 769, 4, 374, 0.500000
25206, 8419, 1128, 9, 334, 0.500000
25620, 6827, 981, 4, 331, 0.500000
26121, -24578, 1080, 9, 334, 1.500000
27060, -22256, 1031, 9, 355, 1.500000
27582, -6777, 1182, 9, 335, 1.500000
28165, -27202, 982, 4, 416, 1.500000
28958, 17123, 983, 4, 334, 0.500000
29313, -35990, 1006, 9, 334, 1.500000
30043, -28730, 816, 4, 334, 1.500000
30666, -24391, 1106, 9, 332, 1.500000
31104, -26081, 913, 4, 334, 1.500000
31875, -19123, 973, 4, 459, 1.500000
32272, -15471, 1230, 9, 334, 1.500000
32836, 5622, 957, 4, 334, 0.500000
33251, -24436, 959, 4, 332, 1.500000
33813, 7832, 828, 4, 332, 0.500000
34210, 20821, 981, 4, 334, 0.500000
34690, -9853, 1165, 9, 334, 1.500000
35357, 19618, 925, 4, 417, 0.500000
35732, -24981, 958, 4, 334, 1.500000
37088, -945, 898, 4, 334, 1.500000
37422, 21361, 1111, 9, 334, 0.500000
37797, 6330, 1187, 9, 333, 0.500000
38423, 18395, 1021, 9, 333, 0.500000
39486, 28056, 881, 4, 459, 0.500000
40297, 15043, 1078, 9, 436, 0.500000
40899, 1213, 1304, 9, 332, 0.500000
41543, -14381, 906, 4, 373, 1.500000
42252, -1274, 906, 4, 376, 1.500000
42836, -15589, 1035, 9, 396, 1.500000
43504, -15248, 856, 4, 333, 1.500000
43942, -23514, 1002, 9, 334, 1.500000
44441, 21832, 1160, 9, 334, 0.500000
45088, -12304, 1008, 9, 334, 1.500000
45546, 2896, 1220, 9, 334, 0.500000
46233, 911, 1012, 9, 354, 0.500000
46838, 30988, 800, 4, 335, 0.500000
47192, 10955, 1253, 9, 334, 0.500000
48295, -2140, 1085, 9, 438, 1.500000
48877, 1175, 986, 4, 582, 0.500000
49252, -5147, 1181, 9, 333, 1.500000
49605, -22862, 971, 4, 332, 1.500000
50020, 31676, 824, 4, 331, 0.500000
50686, 25935, 883, 4, 334, 0.500000
51331, -6463, 1072, 9, 332, 1.500000
51749, 3333, 940, 4, 334, 0.500000
52228, 4137, 982, 4, 458, 0.500000
52895, -4848, 953, 4, 396, 1.500000
53394, 2373, 853, 4, 499, 0.500000
54081, -20791, 870, 4, 334, 1.500000
54518, -30908, 929, 4, 395, 1.500000
54892, -5302, 1118, 9, 332, 0.500000
55227, 30221, 843, 4, 335, 0.500000
55707, -28900, 939, 4, 397, 1.500000
56144, -30292, 1092, 9, 334, 1.500000
56498, 24948, 998, 4, 333, 0.500000
57102, 11826, 1022, 9, 499, 0.500000
57499, -19580, 899, 4, 334, 1.500000
57851, 24469, 933, 4, 331, 0.500000
58432, -10123, 720, 4, 352, 1.500000
58786, 2873, 1351, 9, 333, 0.500000
59244, -31818, 1041, 9, 333, 1.500000
59953, 23601, 947, 4, 333, 0.500000
60308, -13956, 884, 4, 334, 1.500000
60662, -24020, 1007, 9, 334, 1.500000
61330, 6254, 930, 4, 397, 0.500000
62248, -4291, 999, 4, 335, 1.500000
62582, 33223, 850, 4, 334, 0.500000
62978, 29411, 898, 4, 334, 0.500000
63604, -4357, 906, 4, 334, 1.500000
64209, -16921, 959, 4, 605, 1.500000
65167, -28005, 1122, 9, 771, 1.500000
65748, 19662, 874, 4, 436, 0.500000
66164, 30571, 1092, 9, 332, 0.500000
66537, -16095, 887, 4, 331, 1.500000
67036, -1247, 1051, 9, 332, 1.500000
67850, 31471, 950, 4, 333, 0.500000
69245, 16924, 877, 4, 334, 0.500000
69766, 26618, 982, 4, 355, 0.500000
70141, 3741, 1299, 9, 333, 0.500000
70974, 12262, 893, 4, 333, 0.500000
71537, -18808, 1021, 9, 334, 1.500000
72162, -4463, 887, 4, 479, 1.500000
73308, 37182, 1050, 9, 1021, 0.500000
73682, 31473, 1055, 9, 333, 0.500000
74448, -14018, 844, 4, 413, 1.500000
75114, 28451, 952, 4, 355, 0.500000
75635, 30583, 935, 4, 355, 0.500000
76343, 16190, 807, 4, 333, 0.500000
76905, -14766, 1047, 9, 333, 1.500000
77572, 13792, 904, 4, 333, 0.500000
78031, -25463, 992, 4, 334, 1.500000
78531, -17867, 911, 4, 333, 1.500000
79031, 7794, 928, 4, 397, 0.500000
79678, 6480, 923, 4, 585, 0.500000
1619, -6020, 1101, 9, 369, 1.500000
2320, -34003, 1087, 9, 392, 1.500000
3444, -29062, 1208, 9, 334, 1.500000
4402, -20411, 978, 4, 334, 1.500000
4839, 16374, 1144, 9, 333, 1.500000
5256, -9967, 935, 4, 376, 1.500000
5673, -693, 940, 4, 355, 1.500000
6006, -21900, 858, 4, 333, 1.500000
6819, -28466, 778, 4, 354, 1.500000
7528, -21772, 1120, 9, 625, 1.500000
8446, -39072, 939, 4, 480, 1.500000
8797, -1501, 830, 4, 330, 1.500000
9442, -13310, 1368, 9, 334, 1.500000
10170, -19537, 1127, 9, 334, 1.500000
10544, -7021, 1247, 9, 333, 1.500000
11169, 15984, 1241, 9, 333, 0.500000
11878, -31541, 1084, 9, 334, 1.500000
12274, -27455, 1062, 9, 355, 1.500000
12817, 2161, 946, 4, 418, 0.500000
13482, 8548, 1441, 9, 333, 0.500000
13858, -2989, 987, 4, 334, 1.500000
14315, 17565, 1000, 9, 457, 0.500000
14941, 10940, 850, 4, 418, 0.500000
15729, 14296, 992, 4, 456, 0.500000
16914, -21638, 872, 4, 330, 1.500000
17622, -12854, 1191, 9, 334, 1.500000
18248, -13118, 995, 4, 334, 1.500000
18936, 33555, 982, 4, 542, 0.500000
19686, 25753, 984, 4, 334, 0.500000
20102, -11643, 1031, 9, 333, 1.500000
20476, 7932, 1231, 9, 333, 0.500000
21519, 1200, 1387, 9, 334, 0.500000
21893, -12917, 930, 4, 333, 1.500000
22289, 29268, 1122, 9, 333, 0.500000
23143, 6215, 1113, 9, 479, 0.500000
23787, 28307, 830, 4, 332, 0.500000
24514, 115, 1321, 9, 331, 0.500000
24890, -18481, 839, 4, 334, 1.500000
25264, -10736, 1179, 9, 333, 1.500000
25932, 8223, 794, 4, 334, 0.500000
26495, -12773, 857, 4, 376, 1.500000
27705, 4363, 923, 4, 334, 0.500000
28142, 18531, 930, 4, 334, 0.500000
29060, -2809, 1238, 9, 334, 1.500000
29435, 24616, 1013, 9, 375, 0.500000
30123, 24446, 907, 4, 542, 0.500000
30852, -25448, 1023, 9, 457, 1.500000
31185, -31503, 922, 4, 333, 1.500000
31558, -19190, 1107, 9, 332, 1.500000
31911, 7803, 827, 4, 332, 0.500000
32950, -22774, 810, 4, 332, 1.500000
33680, 8946, 1035, 9, 334, 0.500000
34597, -19899, 1075, 9, 333, 1.500000
35369, -14209, 923, 4, 417, 1.500000
35722, 8322, 906, 4, 333, 0.500000
36077, -27141, 914, 4, 334, 1.500000
36555, -21003, 948, 4, 333, 1.500000
37201, 16219, 858, 4, 333, 0.500000
37680, -15624, 911, 4, 333, 1.500000
38117, 11186, 1389, 9, 333, 0.500000
38576, 24783, 1225, 9, 438, 0.500000
39304, -24786, 972, 4, 395, 1.500000
39949, 19984, 835, 4, 395, 0.500000
40613, 5659, 1064, 9, 332, 0.500000
41299, 16528, 1344, 9, 331, 0.500000
41925, -23590, 1043, 9, 334, 1.500000
42341, -18014, 932, 4, 333, 1.500000
42758, 25941, 905, 4, 334, 0.500000
43196, -22399, 1163, 9, 334, 1.500000
43696, -27956, 1224, 9, 333, 1.500000
44196, 4183, 1053, 9, 333, 0.500000
44800, 11588, 1139, 9, 333, 0.500000
45384, -26859, 1079, 9, 334, 1.500000
46487, -6131, 1027, 9, 499, 1.500000
47383, -31278, 1886, 12, 333, 1.500000
48318, 21397, 842, 4, 396, 0.500000
48982, -37123, 1030, 9, 331, 1.500000
49566, 20903, 757, 4, 333, 0.500000
50190, 15469, 1261, 9, 333, 0.500000
50586, -13212, 908, 4, 354, 1.500000
51066, 7322, 872, 4, 417, 0.500000
51733, 26720, 955, 4, 334, 0.500000
52294, 33853, 998, 4, 457, 0.500000
52690, -16477, 1309, 9, 334, 1.500000
53191, 23945, 1002, 9, 459, 0.500000
53544, 26630, 995, 4, 332, 0.500000
54002, 18624, 1272, 9, 334, 0.500000
54439, 6098, 1057, 9, 333, 0.500000
54937, 4332, 1423, 9, 332, 0.500000
55768, -10158, 1040, 9, 456, 1.500000
56331, 4805, 1070, 9, 334, 0.500000
57059, 10355, 847, 4, 332, 0.500000
57683, -7693, 1380, 9, 332, 1.500000
58017, -34112, 923, 4, 334, 1.500000
58601, -28188, 1050, 9, 333, 1.500000
58977, 23128, 1230, 9, 334, 0.500000
59624, -4336, 971, 4, 501, 1.500000
59957, -16133, 1346, 9, 333, 1.500000
60311, -20631, 884, 4, 333, 1.500000
60872, 19869, 953, 4, 457, 0.500000
61268, 15976, 1141, 9, 334, 0.500000
61810, -25203, 1635, 12, 334, 1.500000
62288, -16842, 983, 4, 457, 1.500000
62642, 15597, 1248, 9, 334, 0.500000
63058, 23020, 1341, 9, 333, 0.500000
63492, -24622, 879, 4, 330, 1.500000
64013, -15050, 888, 4, 334, 1.500000
64367, 12567, 917, 4, 333, 0.500000
64741, 22908, 1080, 9, 332, 0.500000
65242, 4625, 826, 4, 334, 0.500000
65721, 7014, 913, 4, 334, 0.500000
66263, 33418, 1148, 9, 334, 0.500000
66867, 35234, 889, 4, 438, 0.500000
67346, 12631, 1214, 9, 334, 0.500000
68053, -21833, 951, 4, 332, 1.500000
68532, -18752, 1247, 9, 334, 1.500000
69300, -5403, 986, 4, 456, 1.500000
69988, -6360, 844, 4, 563, 1.500000
70881, -1364, 975, 4, 872, 1.500000
71213, 21344, 1030, 9, 332, 0.500000
72062, -6939, 825, 4, 516, 1.500000
72478, 26022, 1160, 9, 333, 0.500000
73186, 28308, 917, 4, 334, 0.500000
73810, -10048, 843, 4, 375, 1.500000
74455, 3451, 917, 4, 333, 0.500000
75017, -12820, 972, 4, 332, 1.500000
75557, 25039, 969, 4, 332, 0.500000
76015, 19064, 1176, 9, 334, 0.500000
76640, 15534, 981, 4, 355, 0.500000
77222, 12298, 986, 4, 458, 0.500000
77846, -16625, 1058, 9, 603, 1.500000
78530, -26278, 1007, 9, 560, 1.500000
79153, 4925, 970, 4, 372, 0.500000
79881, -22317, 732, 4, 331, 1.500000
80296, -10995, 877, 4, 374, 1.500000
80670, 516, 1051, 9, 333, 0.500000
81170, -24564, 1392, 9, 333, 1.500000
82399, -23671, 1053, 9, 333, 1.500000
83210, -6723, 987, 4, 354, 1.500000
83543, -12425, 1105, 9, 333, 1.500000
83918, -3971, 1198, 9, 333, 1.500000
84313, 3310, 930, 4, 354, 0.500000
84812, -34484, 834, 4, 374, 1.500000
85665, 29647, 1068, 9, 332, 0.500000
86081, 14612, 1012, 9, 333, 0.500000
86706, 3700, 943, 4, 542, 0.500000
87392, 24450, 1117, 9, 603, 0.500000
88036, 35185, 835, 4, 331, 0.500000
88412, -10698, 787, 4, 334, 1.500000
89012, -12918, 932, 4, 332, 1.500000
89513, -28230, 808, 4, 334, 1.500000
90179, 10217, 1088, 9, 333, 0.500000
90596, -19737, 908, 4, 333, 1.500000
91159, -6974, 886, 4, 334, 1.500000
91575, 23429, 1125, 9, 354, 0.500000
92220, 29612, 795, 4, 395, 0.500000
92967, 17733, 885, 4, 332, 0.500000
93384, -33371, 900, 4, 354, 1.500000
94010, 17915, 941, 4, 355, 0.500000
94488, -15862, 1117, 9, 355, 1.500000
2156, 5403, 1017, 9, 330, 0.500000
2856, -24054, 849, 4, 329, 1.500000
3209, -1195, 1210, 9, 332, 1.500000
3605, -28280, 1202, 9, 375, 1.500000
3978, 11711, 824, 4, 332, 0.500000
4788, -915, 1344, 9, 333, 1.500000
5121, -17225, 818, 4, 333, 1.500000
5620, -4440, 849, 4, 334, 1.500000
6183, -27830, 845, 4, 417, 1.500000
7517, -6493, 979, 4, 333, 1.500000
7996, -26530, 1019, 9, 458, 1.500000
8829, -14516, 989, 4, 667, 1.500000
9391, -8782, 866, 4, 374, 1.500000
9850, -23134, 848, 4, 333, 1.500000
10743, -24665, 982, 4, 333, 1.500000
11244, 217, 938, 4, 376, 0.500000
11847, -20762, 1038, 9, 417, 1.500000
12409, -32288, 900, 4, 397, 1.500000
13055, -23773, 979, 4, 354, 1.500000
13576, -4611, 912, 4, 439, 1.500000
14056, -10157, 991, 4, 397, 1.500000
14451, 22514, 995, 4, 333, 1.500000
15347, -9181, 880, 4, 521, 1.500000
15951, 26092, 882, 4, 521, 0.500000
16617, 24014, 1003, 9, 604, 0.500000
18074, -4522, 854, 4, 1227, 1.500000
18407, -17530, 1147, 9, 333, 1.500000
18779, -30277, 869, 4, 372, 1.500000
19378, -5242, 892, 4, 331, 1.500000
19981, 19426, 898, 4, 582, 0.500000
20583, -18656, 865, 4, 520, 1.500000
21227, -25672, 910, 4, 332, 1.500000
21769, 13980, 863, 4, 334, 0.500000
22393, -25716, 942, 4, 375, 1.500000
22913, -12954, 957, 4, 499, 1.500000
23287, -28022, 1092, 9, 333, 1.500000
23661, -19207, 852, 4, 332, 1.500000
24181, 7244, 918, 4, 353, 0.500000
24577, 14314, 1175, 9, 334, 0.500000
25512, -14185, 974, 4, 456, 1.500000
26365, -19817, 978, 4, 665, 1.500000
27008, 16929, 820, 4, 394, 0.500000
27691, -33247, 1019, 9, 662, 1.500000
28294, -19855, 967, 4, 561, 1.500000
28649, 22952, 905, 4, 334, 0.500000
29520, -7711, 930, 4, 457, 1.500000
30124, 16974, 906, 4, 375, 0.500000
30706, 14381, 816, 4, 332, 0.500000
31391, 17585, 891, 4, 415, 0.500000
31994, -20259, 882, 4, 561, 1.500000
32617, 2003, 910, 4, 498, 0.500000
33157, 4176, 850, 4, 332, 0.500000
33884, 12436, 880, 4, 624, 0.500000
34571, -14345, 934, 4, 457, 1.500000
35402, 9630, 1027, 9, 581, 0.500000
36107, -18098, 870, 4, 581, 1.500000
36750, 34499, 902, 4, 518, 0.500000
37372, -28148, 927, 4, 414, 1.500000
37994, 11560, 904, 4, 435, 0.500000
38637, -17470, 910, 4, 518, 1.500000
39261, 27519, 856, 4, 395, 0.500000
39904, 1371, 894, 4, 497, 0.500000
40528, 838, 863, 4, 478, 0.500000
41193, -19565, 893, 4, 331, 1.500000
41734, 1007, 846, 4, 354, 0.500000
42379, 26955, 922, 4, 416, 0.500000
42982, -1932, 876, 4, 332, 1.500000
43625, -23146, 1006, 9, 518, 1.500000
44769, 20669, 1182, 9, 1019, 0.500000
45102, 15835, 885, 4, 333, 0.500000
45743, -7994, 914, 4, 351, 1.500000
46384, 6176, 927, 4, 372, 0.500000
47007, -9729, 904, 4, 436, 1.500000
47651, 19596, 911, 4, 540, 0.500000
48213, 14112, 905, 4, 417, 0.500000
48773, 13377, 926, 4, 519, 0.500000
49458, 18168, 853, 4, 332, 0.500000
49978, 10897, 876, 4, 458, 0.500000
51310, -19756, 941, 4, 395, 1.500000
51913, -21390, 857, 4, 582, 1.500000
52598, 8734, 1067, 9, 518, 0.500000
53493, 28951, 1044, 9, 665, 0.500000
54178, -30299, 920, 4, 644, 1.500000
54841, -18753, 818, 4, 455, 1.500000
55421, 17036, 866, 4, 330, 0.500000
56086, 19732, 886, 4, 332, 0.500000
56730, -12996, 910, 4, 603, 1.500000
57105, 15443, 1158, 9, 375, 0.500000
57956, 22713, 890, 4, 561, 0.500000
58579, -19017, 877, 4, 457, 1.500000
59119, -23455, 905, 4, 374, 1.500000
59805, -11704, 911, 4, 500, 1.500000
60451, 3412, 901, 4, 604, 0.500000
61074, 9294, 847, 4, 373, 0.500000
61759, -7392, 969, 4, 497, 1.500000
62633, -8937, 1039, 9, 478, 1.500000
63026, 24249, 1075, 9, 393, 0.500000
63401, -9983, 911, 4, 334, 1.500000
63982, -5971, 933, 4, 581, 1.500000
64646, -25452, 909, 4, 393, 1.500000
65269, -28285, 899, 4, 414, 1.500000
65871, 23519, 1005, 9, 519, 0.500000
66495, -6520, 908, 4, 458, 1.500000
67138, -33257, 946, 4, 643, 1.500000
67742, -31036, 965, 4, 332, 1.500000
68344, 4079, 973, 4, 394, 0.500000
68968, -8767, 922, 4, 521, 1.500000
69590, 18426, 930, 4, 393, 0.500000
70234, 24743, 859, 4, 498, 0.500000
70939, -27503, 1012, 9, 601, 1.500000
71936, -10676, 944, 4, 892, 1.500000
72662, -19007, 946, 4, 685, 1.500000
73282, 3510, 903, 4, 393, 0.500000
73925, 5528, 892, 4, 622, 0.500000
74547, -14989, 898, 4, 539, 1.500000
75170, -17413, 917, 4, 456, 1.500000
75772, 16226, 887, 4, 561, 0.500000
76415, -31279, 925, 4, 477, 1.500000
77038, 12821, 889, 4, 561, 0.500000
77681, 24401, 911, 4, 518, 0.500000
78304, 6573, 867, 4, 519, 0.500000
78927, -7794, 907, 4, 498, 1.500000
79281, 22747, 1005, 9, 334, 0.500000
79634, 14830, 879, 4, 332, 0.500000
80216, 3599, 1035, 9, 457, 0.500000
81070, 6124, 993, 4, 520, 0.500000
81422, 27103, 1111, 9, 331, 0.500000
82377, -33047, 970, 4, 434, 1.500000
83021, 23383, 1005, 9, 602, 0.500000
83686, -8275, 859, 4, 331, 1.500000
84267, -13623, 919, 4, 581, 1.500000
84872, -7942, 888, 4, 543, 1.500000
85433, 16337, 879, 4, 332, 0.500000
85828, -15922, 977, 4, 333, 1.500000
86679, 37532, 907, 4, 499, 0.500000
87304, 20578, 858, 4, 542, 0.500000
87947, -14359, 948, 4, 498, 1.500000
88322, 13436, 1184, 9, 334, 0.500000
89255, 26586, 969, 4, 622, 0.500000
90772, 26013, 889, 4, 1287, 0.500000
91433, -33809, 933, 4, 578, 1.500000
92032, 22778, 949, 4, 537, 0.500000
92655, -21130, 892, 4, 477, 1.500000
93256, 15970, 912, 4, 351, 0.500000
93880, 28630, 896, 4, 478, 0.500000
94523, 3051, 944, 4, 330, 0.500000
95188, -7552, 890, 4, 331, 1.500000
95729, 20309, 923, 4, 458, 0.500000
96394, -7688, 811, 4, 332, 1.500000
96976, -29111, 915, 4, 499, 1.500000
97621, -13638, 881, 4, 395, 1.500000
98307, 13816, 996, 4, 561, 0.500000
99139, -14306, 959, 4, 644, 1.500000
99553, 16032, 1163, 9, 330, 0.500000
100156, -47, 978, 4, 353, 1.500000
100487, -30725, 910, 4, 331, 1.500000
101068, 27228, 960, 4, 332, 0.500000
101671, 32562, 821, 4, 457, 0.500000
102316, 1598, 942, 4, 624, 0.500000
102919, -10018, 996, 4, 354, 1.500000
103480, -36698, 855, 4, 561, 1.500000
104144, -8580, 871, 4, 478, 1.500000
104767, 15944, 928, 4, 436, 0.500000
105369, 22814, 888, 4, 561, 0.500000
105971, 1564, 951, 4, 581, 0.500000
106594, -25088, 871, 4, 394, 1.500000
107258, -28010, 983, 4, 560, 1.500000
108359, 21477, 1268, 9, 892, 0.500000
108816, 19355, 878, 4, 457, 0.500000
109477, -18834, 843, 4, 537, 1.500000
110117, 16616, 925, 4, 413, 0.500000
110741, -1112, 930, 4, 603, 1.500000
111364, 2788, 956, 4, 623, 0.500000
111987, -1676, 882, 4, 415, 1.500000
112630, -28508, 938, 4, 643, 1.500000
113232, 10242, 900, 4, 456, 0.500000
113813, 9899, 918, 4, 352, 0.500000
114456, -11372, 899, 4, 393, 1.500000
115100, 15533, 990, 4, 436, 0.500000
115806, -24625, 968, 4, 352, 1.500000
116512, -21766, 978, 4, 518, 1.500000
116867, 33867, 1019, 9, 334, 0.500000
117281, 11933, 997, 4, 352, 0.500000
118028, 619, 905, 4, 642, 0.500000
119334, 8083, 924, 4, 1201, 0.500000
119998, -11226, 869, 4, 476, 1.500000
